shard,file_row_number,year,title,source,ocr_score,legibility,category,review_note
22,40116,1547,"The Ethiques of Aristotle : that is to saye, preceptes of good behavoure and perfighte honestie",institutional-books,0.96,-1.0,other_by_title,Title review: literature/history/religion/politics; not evidence of no science in body
15,25710,1550,The court of Venus.,institutional-books,0.93,-1.0,other_by_title,Title review: literature/history/religion/politics; not evidence of no science in body
13,17512,1566,"A summarie of the antiquities and wonders of the world, abstracted out of the sixtene first bookes of the excellente historiographer Plinie, wherein may be seene the wonderful workes of God in his creatures,",institutional-books,0.95,-1.0,science_candidate,"Pliny digest; natural history, not quantitative mechanics"
28,14103,1570,The most excellent and pleasant metaphoricall historie of Pesistratus and Catanea ...,institutional-books,0.95,-1.0,other_by_title,Title review: literature/history/religion/politics; not evidence of no science in body
11,32853,1575,"A smale handfull of fragrant flowers : selected and gathered out of the lovely garden of sacred scripture, fit for any Honorable or woorshipfull Gentlewoman to smell unto. Dedicated for a neweyeeres gyft, to the honorable and vertuous Lady, the Lady Sheffeeld",institutional-books,0.98,-1.0,other_by_title,Title review: literature/history/religion/politics; not evidence of no science in body
11,38544,1577,"The workes of a young wyt, trust up with a fardell of pretie fancies, profitable to young poetes, preiudicial. Whereunto is ioyned an odd kynde, with a banquet of comfettes, to make an ende withall.",institutional-books,0.94,-1.0,other_by_title,Title review: literature/history/religion/politics; not evidence of no science in body
31,20832,1578,"The wonderfull woorkmanship of the world : wherin is conteined an excellent discourse of Christian naturall philosophie, concernyng the fourme, knowledge, and use of all things created ...",institutional-books,0.97,-1.0,science_candidate,Christian natural philosophy; contents and provenance need review
27,16226,1579,"The first parte of the eyghth liberall science : entituled, ars adulandi, the arte of flatterie ...",institutional-books,0.96,-1.0,other_by_title,Title review: literature/history/religion/politics; not evidence of no science in body
24,18006,1581,"Ten books of Homers Iliades,",institutional-books,0.95,-1.0,other_by_title,Title review: literature/history/religion/politics; not evidence of no science in body
12,28201,1582,"The first booke of the Christian exercise, appertayning to resolution ...",institutional-books,0.95,-1.0,other_by_title,Title review: literature/history/religion/politics; not evidence of no science in body
12,36751,1583,"A remembraunce of the precious vertues of the Right Honourable and Reverend Judge, Sir James Dier, who disseased at great Staughton, the 24th of Marche, 1582. The reports of George Whetstons.",institutional-books,0.94,-1.0,other_by_title,Title review: literature/history/religion/politics; not evidence of no science in body
11,49754,1584,"An alarum against usurers : containing tryed experiences against worldly abuses : wherein gentlemen may finde good counsells to confirme them and pleasant histories to delight them ... : heereunto are annexed The delectable historie of Forbonius and Prisceria, with the lamentable Complaint of Truth ouer England",institutional-books,0.95,-1.0,other_by_title,Title review: literature/history/religion/politics; not evidence of no science in body
11,14185,1588,"Perimedes the blacke-smith : a golden methode, how to use the minde in pleasant and profitable exercise ...",institutional-books,0.96,-1.0,other_by_title,Title review: literature/history/religion/politics; not evidence of no science in body
13,2259,1589,Scillaes metamorphosis: enterlaced with the unfortunate love of Glaucus. Whereunto is annexed the delectable discourse of the Discontented satyre; with sundrie other most absolute poems and sonnets.,institutional-books,0.94,-1.0,other_by_title,Title review: literature/history/religion/politics; not evidence of no science in body
13,30917,1591,"Brittons Bowre of delights. Contayning many most delectable and fine devices, of rare epitaphes, pleasant poems, pastoral and sonets.",institutional-books,0.94,-1.0,other_by_title,Title review: literature/history/religion/politics; not evidence of no science in body
10,1826,1591,"Sir P.S., his Astrophel and Stella.",institutional-books,0.94,-1.0,other_by_title,Title review: literature/history/religion/politics; not evidence of no science in body
10,3328,1591,"Sir P.S., his Astrophel and Stella.",institutional-books,0.95,-1.0,other_by_title,Title review: literature/history/religion/politics; not evidence of no science in body
36,26018,1592,"Diana; the praises of his mistres in certaine sweete sonnets,",institutional-books,0.95,-1.0,other_by_title,Title review: literature/history/religion/politics; not evidence of no science in body
41,11168,1592,"Diana; the praises of his mistres in certaine sweete sonnets,",institutional-books,-1.0,-1.0,other_by_title,Title review: literature/history/religion/politics; not evidence of no science in body
33,48969,1592,"Pandosto, the triumph of time. Wherein is discovered by a pleasant historie, that although by the means of sinister fortune Truth may be concealed, yet by time in spite of fortune it is most manifestly revealed.",institutional-books,0.97,-1.0,other_by_title,Title review: literature/history/religion/politics; not evidence of no science in body
16,6376,1592,[C̀uthbert Conny-catcher'.] The defence of conny-catching.,institutional-books,0.99,-1.0,other_by_title,Title review: literature/history/religion/politics; not evidence of no science in body
41,21458,1594,"Diana; or, The excellent conceitful sonnets of H. C. ...",institutional-books,-1.0,-1.0,other_by_title,Title review: literature/history/religion/politics; not evidence of no science in body
15,25317,1594,Ideas mirrour : Amours in quatorzains.,institutional-books,0.93,-1.0,other_by_title,Title review: literature/history/religion/politics; not evidence of no science in body
20,31610,1594,Lucrece.,institutional-books,0.93,-1.0,other_by_title,Title review: literature/history/religion/politics; not evidence of no science in body
23,34705,1594,Lucrece.,institutional-books,0.95,-1.0,other_by_title,Title review: literature/history/religion/politics; not evidence of no science in body
23,49442,1594,Lucrece.,institutional-books,0.95,-1.0,other_by_title,Title review: literature/history/religion/politics; not evidence of no science in body
24,5709,1594,Lucrece.,institutional-books,0.94,-1.0,other_by_title,Title review: literature/history/religion/politics; not evidence of no science in body
4,19509,1594,"The most lamentable romaine tragedie of Titus Andronicus, as it was plaide by the Earle of Darbie, Earle of Pembroke and Earle of Sussex.",institutional-books,0.95,-1.0,other_by_title,Title review: literature/history/religion/politics; not evidence of no science in body
14,8810,1595,The garland of a greene witte discovering the constancie of Colipolis.,institutional-books,0.94,-1.0,other_by_title,Title review: literature/history/religion/politics; not evidence of no science in body
28,15738,1595,The old wives tale : a pleasant conceited comedie,institutional-books,0.96,-1.0,other_by_title,Title review: literature/history/religion/politics; not evidence of no science in body
40,34910,1595,[Tabacco],institutional-books,0.98,-1.0,ambiguous,Short title; inspect text before assigning subject
13,45431,1596,"A Spirituall Song: conteining an Historicall Discourse from the infancie of the world, vntill this present time: setting downe the treacherous practises of the wicked, against the children of God, etc",blbooks,0.518,-1.0,other_by_title,Title review: literature/history/religion/politics; not evidence of no science in body
10,13498,1597,"Brittons Bowre of delights, contayning many, most delectable and fine devices, of rare epitaphes, pleasant poems, pastoralls sonets.",institutional-books,0.95,-1.0,other_by_title,Title review: literature/history/religion/politics; not evidence of no science in body
10,41094,1597,"Brittons Bowre of delights, contayning many, most delectable and fine devices, of rare epitaphes, pleasant poems, pastoralls sonets.",institutional-books,0.96,-1.0,other_by_title,Title review: literature/history/religion/politics; not evidence of no science in body
13,3,1597,"Syrinx, or A seavenfold historie, handled with varietie of pleasant and profitable, both commicall and tragicall, argument.",institutional-books,0.96,-1.0,other_by_title,Title review: literature/history/religion/politics; not evidence of no science in body
29,3884,1597,"The arbor of amorous devises. Wherein, young gentlemen may reade many pleasant fancies and fine devises and thereon meditate divers sweete conceites, to court the love of faire ladies and gentlewomen.",institutional-books,0.94,-1.0,other_by_title,Title review: literature/history/religion/politics; not evidence of no science in body
14,5260,1597,"The arbor of amorous devises. Wherein, young gentlemen may reade many plesant fancies, and fine devises. And thereon, meditate divers sweete conceites to court the love of faire ladies and gentlewomen.",institutional-books,0.94,-1.0,other_by_title,Title review: literature/history/religion/politics; not evidence of no science in body
34,12211,1598,"A most pleasant Comedie of Mucedorus the kings sonne of Valentia and Amadine the Kings daughter of Arragon, with the merie conceites of Mouse. Newly set foorth, as it hath bin sundrie times plaide in the honorable Cittie of London. Very delectable and full of mirth.",institutional-books,0.93,-1.0,other_by_title,Title review: literature/history/religion/politics; not evidence of no science in body
30,24136,1598,"The Scottish historie of James the Fourth, slaine at Flodden entermixed with a pleasant comedie, presented by Oboram King of Fayeries",institutional-books,0.96,-1.0,other_by_title,Title review: literature/history/religion/politics; not evidence of no science in body
34,45947,1598,"The tragedie of King Richard the third : Conteining his treacherous Plots against his brother Clarence: the pitiful murther of his innocent Nephews: his tyrannicall usurpation: with the whole course of his deteste life, and most deserved death. As it hath beene lately acted by the Right honourable the Lord Chamberlaine his servants",institutional-books,0.98,-1.0,other_by_title,Title review: literature/history/religion/politics; not evidence of no science in body
14,36709,1599,"Constant Lusina. The amorous passions of Paurinio, a surfeiting lover, with the constanci e of Lusina, a country mayd.",institutional-books,0.92,-1.0,other_by_title,Title review: literature/history/religion/politics; not evidence of no science in body
10,41157,1599,The passionate pilgrime.,institutional-books,0.93,-1.0,other_by_title,Title review: literature/history/religion/politics; not evidence of no science in body
24,46103,1599,Venus and Adonis. Vilia miretur vulgus: mihi flauus Apollo Pocula Castalia plena ministret aqua.,institutional-books,0.96,-1.0,other_by_title,Title review: literature/history/religion/politics; not evidence of no science in body
4,2696,1600,Ovidius Naso his remedie of love. Translated and intituled to the youth of England.,institutional-books,0.95,-1.0,other_by_title,Title review: literature/history/religion/politics; not evidence of no science in body
11,22766,1600,"Pasquils mistresse, or The worthie and unworthie woman. With his description and passion of the fine jealousie.",institutional-books,0.95,-1.0,other_by_title,Title review: literature/history/religion/politics; not evidence of no science in body
28,26179,1600,"Pasquils mistresse, or The worthie and unworthie woman. With his description and passion of the fine jealousie.",institutional-books,0.96,-1.0,other_by_title,Title review: literature/history/religion/politics; not evidence of no science in body
14,14827,1601,"A Strange report of sixe most notorious witches, who by their divelish practises murdered above the number of the foure hundred small children, besides the great hurtes they committed upon divers other people; who for the same and many other like offences were executed in the princely cittie of Manchen in high Germanie the 29. of Iuly 1600.",institutional-books,0.96,-1.0,other_by_title,Title review: literature/history/religion/politics; not evidence of no science in body
41,15687,1602,"A new and short defense of tabacco : with the effectes of the same, and of the right vse thereof.",institutional-books,0.92,-1.0,science_candidate,Medicine/tobacco tract; not mathematical physics
29,10315,1602,"Olde mad-cappes new gally-mawfrey. Made into a merrie messe of minglemagle, but of these three idle-conceited humours following.",institutional-books,0.97,-1.0,other_by_title,Title review: literature/history/religion/politics; not evidence of no science in body
14,34812,1602,"Strange histories, of kings, princes, dukes, earles, lords, ladies, knights and gentlemen ...",institutional-books,0.97,-1.0,other_by_title,Title review: literature/history/religion/politics; not evidence of no science in body
10,43581,1603,Saint Marie Magdalens conversion; [a poem.,institutional-books,0.95,-1.0,other_by_title,Title review: literature/history/religion/politics; not evidence of no science in body
22,48443,1604,"Gleanings from the records of the royal burgh of Peebles, 1604-52.",institutional-books,0.96,-1.0,other_by_title,Title review: literature/history/religion/politics; not evidence of no science in body
14,1668,1604,"The passionate shepheard, or The shepheades love, set down in passions to his shepheardess Aglaia. With many excellent conceited poems and pleasant sonnets, fit for young heads to passe away.",institutional-books,0.95,-1.0,other_by_title,Title review: literature/history/religion/politics; not evidence of no science in body
10,9721,1605,"A Pleasant conceited Comedie, Wherein is shewed how a man may chuse a good Wife from a bad. As it hath bene sundry times acted by the Earle of Worcesters Seruants [Attributed in a MS. note on the titlepage to Joshua Cooke.]",blbooks,0.557,-1.0,other_by_title,Title review: literature/history/religion/politics; not evidence of no science in body
28,14671,1606,"A new merry newes, as merry as can bee, from Italy, Barbary, Turkie and Candee.",institutional-books,0.96,-1.0,other_by_title,Title review: literature/history/religion/politics; not evidence of no science in body
12,17933,1606,"If you know not me, you know no bodie: or the troubles of Queen Elizabeth [A play in prose and verse by T. H.]",blbooks,0.488,-1.0,other_by_title,Title review: literature/history/religion/politics; not evidence of no science in body
10,95,1606,"The Isle of Guls. As it hath been often played in the blacke Fryars, by the Children of the Reuels",blbooks,0.472,-1.0,other_by_title,Title review: literature/history/religion/politics; not evidence of no science in body
14,14358,1607,"A True report of the horrible Murther [of Joan Wilson], which was committed in the house of Sir Ierome Bowes Knight, on the 20. day of February ... 1606 [by Edward Wilson and Robert Tetherton] . With the apprehension, detection and execution of the offenders",blbooks,0.435,-1.0,other_by_title,Title review: literature/history/religion/politics; not evidence of no science in body
34,21149,1608,A Yorkshire tragedy : not so new as lamentable and true,institutional-books,0.96,-1.0,other_by_title,Title review: literature/history/religion/politics; not evidence of no science in body
13,30344,1608,"The historie of Titana and Theseus. Verie pleasant for age to avoyd drowsie thoughts, etc.",institutional-books,0.96,-1.0,other_by_title,Title review: literature/history/religion/politics; not evidence of no science in body
16,7256,1609,Shake-speares Sonnets : neuer before imprinted.,institutional-books,0.97,-1.0,other_by_title,Title review: literature/history/religion/politics; not evidence of no science in body
26,19359,1609,Shake-speares Sonnets : neuer before imprinted.,institutional-books,0.97,-1.0,other_by_title,Title review: literature/history/religion/politics; not evidence of no science in body
27,29416,1609,Shake-speares Sonnets : neuer before imprinted.,institutional-books,0.96,-1.0,other_by_title,Title review: literature/history/religion/politics; not evidence of no science in body
27,32105,1609,Shake-speares Sonnets : neuer before imprinted.,institutional-books,0.95,-1.0,other_by_title,Title review: literature/history/religion/politics; not evidence of no science in body
28,39017,1609,Shake-speares Sonnets : neuer before imprinted.,institutional-books,0.97,-1.0,other_by_title,Title review: literature/history/religion/politics; not evidence of no science in body
29,26796,1609,Shake-speares Sonnets : neuer before imprinted.,institutional-books,0.96,-1.0,other_by_title,Title review: literature/history/religion/politics; not evidence of no science in body
29,38720,1609,Shake-speares Sonnets : neuer before imprinted.,institutional-books,0.96,-1.0,other_by_title,Title review: literature/history/religion/politics; not evidence of no science in body
11,31624,1609,The knave of clubbes.,institutional-books,0.95,-1.0,other_by_title,Title review: literature/history/religion/politics; not evidence of no science in body
10,31115,1611,"Catiline his Conspiracy [A tragedy, in five acts and in verse.]",blbooks,0.564,-1.0,other_by_title,Title review: literature/history/religion/politics; not evidence of no science in body
12,5584,1612,"Epithalamia, or Nuptiall poems upon the most blessed and happie mariage betweene the high and mightie Prince Frederick the Fifth, Count Palatine of the Rhein, &c., and Princesse Elizabeth, sole daughter to Iames, by the grace of God, king of Great Britaine, France and Ireland. Celebrated at White-Hall, the fourteenth of Februarie 1612.",institutional-books,0.97,-1.0,other_by_title,Title review: literature/history/religion/politics; not evidence of no science in body
11,47628,1612,"The Alchemist [A comedy, in five acts and in verse.]",blbooks,0.464,-1.0,other_by_title,Title review: literature/history/religion/politics; not evidence of no science in body
11,20221,1612,The Widdowes Teares. A comedie ... Written by Geor. Chap. (G. Chapman.),blbooks,0.471,-1.0,other_by_title,Title review: literature/history/religion/politics; not evidence of no science in body
25,418,1612,"The passionate pilgrime, or Certaine amorous sonnets, betweene Venus and Adonis.",institutional-books,0.97,-1.0,other_by_title,Title review: literature/history/religion/politics; not evidence of no science in body
12,39251,1613,"The Insatiate Countesse. A Tragedie [in five acts, in prose and in verse]",blbooks,0.559,-1.0,other_by_title,Title review: literature/history/religion/politics; not evidence of no science in body
20,448,1613,"The history of Henrie the Fourth, with the battell at Shrewseburie, betweene the King, and Lord Henrie Percy, surnamed Henrie Hotspur of the North. VVith the humorous conceites of Sir Iohn Falstaffe.",institutional-books,0.97,-1.0,other_by_title,Title review: literature/history/religion/politics; not evidence of no science in body
28,45251,1613,"The scourge of Venus, or the wanton lady : with the rare birth of Adonis",institutional-books,0.97,-1.0,other_by_title,Title review: literature/history/religion/politics; not evidence of no science in body
12,28741,1615,"Cupid's Revenge [A tragedy, in five acts, and in prose and verse.] By J. F [and F. Beaumont.]",blbooks,0.513,-1.0,other_by_title,Title review: literature/history/religion/politics; not evidence of no science in body
13,33233,1616,Britannia's pastorals.,institutional-books,0.97,-1.0,other_by_title,Title review: literature/history/religion/politics; not evidence of no science in body
11,49009,1617,A woman killed with kindness,blbooks,0.596,-1.0,other_by_title,Title review: literature/history/religion/politics; not evidence of no science in body
12,30631,1618,"The pennyles pilgrimage or The money-lesse perambulation of John Taylor, alias the Kings Majesties water-poet. How he travailed on foot from London to Edenborough in Scotland not carrying any money to or fro.",institutional-books,0.99,-1.0,other_by_title,Title review: literature/history/religion/politics; not evidence of no science in body
14,31972,1618,"Τεχνογαμια: or the Marriages of the Arts. A comedie [in five acts, in prose and verse], etc",blbooks,0.544,-1.0,other_by_title,Title review: literature/history/religion/politics; not evidence of no science in body
18,9707,1619,"The pleasant history of John Winchcomb, in his younger yeares called lack of Newberie, the famous and worthy clothier of England, declaring his life and love, together with his charitable deeds and great hospitality, etc.",institutional-books,0.96,-1.0,other_by_title,Title review: literature/history/religion/politics; not evidence of no science in body
15,45704,1620,"The Gossips greeting, or A new discovery of such females meeting. Wherein is plainely set forth the sundry sorts of those kinds of women, with their severall humors and conditions.",institutional-books,0.96,-1.0,other_by_title,Title review: literature/history/religion/politics; not evidence of no science in body
31,4725,1622,"The tragedie of King Richard the third : contayning his treacherous plots against his brother Clarence: the pittifull murder of his innocent nephewes: his tyrannicall vsurpation: with the whole course of his detested life, and most deserued death. As it hath been lately acted by the kings maiesties seruants",institutional-books,0.97,-1.0,other_by_title,Title review: literature/history/religion/politics; not evidence of no science in body
12,958,1622,"The troublesome Raigne and lamentable Death of Edward the Second, King of England: with the tragicall fall of proud Mortimer: and also the life and death of Peirs Gaveston, the great Earle of Cornewall, and mighty favorite of King Edward the second, etc [A tragedy, in five acts and in verse.]",blbooks,0.545,-1.0,other_by_title,Title review: literature/history/religion/politics; not evidence of no science in body
13,21387,1623,"Neptune's Triumph for the Returne of Albion, celebrated in a Masque at the Court on the Twelfth Night 1623 [By Ben Jonson.]",blbooks,0.427,-1.0,other_by_title,Title review: literature/history/religion/politics; not evidence of no science in body
13,45840,1623,"The Devils Law-Case; or, When Women go to Law, the Devil is full of Businesse. A new Tragecomœdy [in five acts and in verse]",blbooks,0.474,-1.0,other_by_title,Title review: literature/history/religion/politics; not evidence of no science in body
11,40936,1623,"Two Royall Entertainments, lately given to ... Charles, Prince of Great Britaine, by ... Philip the fourth, King of Spaine ... Translated out of the Spanish originals [beginning 'A Doña Vitoria Colona,' and 'A la Villa de Madrid' respectively], etc",blbooks,0.491,-1.0,other_by_title,Title review: literature/history/religion/politics; not evidence of no science in body
13,41297,1625,The Scornful Ladie ... 1616,blbooks,0.535,-1.0,other_by_title,Title review: literature/history/religion/politics; not evidence of no science in body
11,29857,1626,"The First and Second parts of King Edward the Fourth. Containing his merie pastime with the Tanner of Tamworth, etc [A play in verse by T. Heywood.] B.L",blbooks,0.465,-1.0,other_by_title,Title review: literature/history/religion/politics; not evidence of no science in body
11,28925,1629,The Deserving Favorite [A tragi-comedy.],blbooks,0.41,-1.0,other_by_title,Title review: literature/history/religion/politics; not evidence of no science in body
13,29399,1630,"A Pleasant conceited Comedie, Wherein is shewed how a man may chuse a good Wife from a bad. As it hath bene sundry times acted by the Earle of Worcesters Seruants [Attributed in a MS. note on the titlepage to Joshua Cooke.]",blbooks,0.538,-1.0,other_by_title,Title review: literature/history/religion/politics; not evidence of no science in body
14,27417,1630,"Cupids Revenge ... Written by Fran. Beaumont & Io. Fletcher, Gentlemen ... The second edition",blbooks,0.515,-1.0,other_by_title,Title review: literature/history/religion/politics; not evidence of no science in body
14,22979,1630,"Pathomachia: or, the Battell of Affections. Shadowed by a faigned Siedge of the Citie Pathopolis [An allegorical play in five acts and in prose.] Written some yeeres since, and now first published by a Friend of the deceased Author",blbooks,0.44,-1.0,other_by_title,Title review: literature/history/religion/politics; not evidence of no science in body
12,17594,1630,"The Phoenix, etc [A dramatic piece, in verse and prose. By T. Middleton.]",blbooks,0.436,-1.0,other_by_title,Title review: literature/history/religion/politics; not evidence of no science in body
11,9668,1630,"Wine, Beere, Ale, and Tobacco. Contending for superiority. A Dialogue. The second edition, much enlarged",blbooks,0.479,-1.0,other_by_title,Title review: literature/history/religion/politics; not evidence of no science in body
10,49872,1631,A king and no king. London 1619,blbooks,0.49,-1.0,other_by_title,Title review: literature/history/religion/politics; not evidence of no science in body
11,6879,1631,"Bartholmew Fayre: a comedie, acted in the yeare, 1614. By the Lady Elizabeths Servants, etc",blbooks,0.446,-1.0,other_by_title,Title review: literature/history/religion/politics; not evidence of no science in body
14,25245,1631,"The Fleire [a comedy in five acts, in prose and verse] . As it hath beene often played in the Blacke-Fryers by the Children of the Revells",blbooks,0.494,-1.0,other_by_title,Title review: literature/history/religion/politics; not evidence of no science in body
12,20838,1631,"The Staple of Newes. A comedie acted in the yeare, 1625. By his Maiesties Servants",blbooks,0.463,-1.0,other_by_title,Title review: literature/history/religion/politics; not evidence of no science in body
11,21456,1632,"The Maid of Honour [A tragi-comedy, in five acts and in verse]",blbooks,0.481,-1.0,other_by_title,Title review: literature/history/religion/politics; not evidence of no science in body
11,18948,1633,'T is Pitty shees a Whore [A tragedy in five acts and chiefly in verse.],blbooks,0.524,-1.0,other_by_title,Title review: literature/history/religion/politics; not evidence of no science in body
13,24512,1633,A Fine Companion,blbooks,0.525,-1.0,other_by_title,Title review: literature/history/religion/politics; not evidence of no science in body
13,8732,1633,"A New Way to pay Old Debts. A comoedie as it hath beene often acted at the Phœnix in Drury-Lane, by the Queenes Maiesties seruants",blbooks,0.416,-1.0,other_by_title,Title review: literature/history/religion/politics; not evidence of no science in body
12,22808,1633,A match at mid-night : A pleasant comoedie: as it hath beene acted by the Children of the Revells,blbooks,0.396,-1.0,other_by_title,Title review: literature/history/religion/politics; not evidence of no science in body
12,3065,1633,"A tragedy called All's Lost by Lust [In five acts, in verse and prose.]",blbooks,0.493,-1.0,other_by_title,Title review: literature/history/religion/politics; not evidence of no science in body
14,41300,1633,"The Bird in a cage. A comedie, etc",blbooks,0.478,-1.0,other_by_title,Title review: literature/history/religion/politics; not evidence of no science in body
11,36282,1633,The Costlie Whore. A comical Historie [in verse] . Acted by the companie of the Revels,blbooks,0.478,-1.0,other_by_title,Title review: literature/history/religion/politics; not evidence of no science in body
12,35559,1633,"The English Traveller [A tragi-comedy in five acts, chiefly in verse.]",blbooks,0.509,-1.0,other_by_title,Title review: literature/history/religion/politics; not evidence of no science in body
14,45005,1633,"The Famous Tragedy of the Rich Jew of Malta. As it was playd before the King and Queene, in His Majesties Theatre at White-Hall, etc",blbooks,0.445,-1.0,other_by_title,Title review: literature/history/religion/politics; not evidence of no science in body
13,5217,1633,"The Heire. A comedie [in five acts, in verse and prose. Second edition] . Written by T. M (ay)",blbooks,0.503,-1.0,other_by_title,Title review: literature/history/religion/politics; not evidence of no science in body
14,6463,1633,"The Ile of Gulls [a comedy in five acts and in prose. By J. Day] . As it hath been often acted in the Black Fryers, by the Children of the Revels",blbooks,0.557,-1.0,other_by_title,Title review: literature/history/religion/politics; not evidence of no science in body
14,40270,1633,"The Lamentable and True Tragedy of Master Arden of Feversham in Kent; who was most wickedly murdered by the meanes of his disloyall and wanton wife; who, for the love she bare to one Mosby, hired two desperate ruffins, Blacke-Will, and Shakebag, to kill him [In verse.]",blbooks,0.595,-1.0,other_by_title,Title review: literature/history/religion/politics; not evidence of no science in body
13,7862,1633,"The Triumph of Peace. A masque, presented by the foure Honourable Houses, or Innes of Court. Before the King and Queenes Majesties ... February the third, 1633. Invented and written, by James Shirley, of Grayes Inne, Gent",blbooks,0.504,-1.0,other_by_title,Title review: literature/history/religion/politics; not evidence of no science in body
13,26720,1634,"Philaster, 1622",blbooks,0.465,-1.0,other_by_title,Title review: literature/history/religion/politics; not evidence of no science in body
12,9585,1634,"The Jealous Lovers. A Comedie [in five acts and in verse], presented to their gracious Majesties at Cambridge, by the Students of Trinity College",blbooks,0.491,-1.0,other_by_title,Title review: literature/history/religion/politics; not evidence of no science in body
22,24739,1634,"The Relation of the death of that great Generalissimo (of his Imperiall Maiestie) the Duke of Meckleburg, Fridland, Sagan, and great Glogaw ...",institutional-books,0.98,-1.0,other_by_title,Title review: literature/history/religion/politics; not evidence of no science in body
2,2252,1634,"The tragedie of King Richard the Third. Contayning his treacherous plots, against his brother Clarence: the pitifull murder of his innocent nephewes: his tyranous vsurpation: with the whole course of his detested life, and most deserued death. As it hath beene acted by the Kings Maiesties seruants.",institutional-books,0.97,-1.0,other_by_title,Title review: literature/history/religion/politics; not evidence of no science in body
14,42083,1635,"The Traytor: a tragedie [in five acts, in verse]",blbooks,0.534,-1.0,other_by_title,Title review: literature/history/religion/politics; not evidence of no science in body
10,47929,1636,"A Challenge for Beautie. As it hath beene sundry times acted by the King's Majesties Servants: at the Blackefriers, and at the Globe on the Banke-side",blbooks,0.488,-1.0,other_by_title,Title review: literature/history/religion/politics; not evidence of no science in body
12,1492,1636,The Great Duke of Florence. A comicall historie [in five acts and in verse],blbooks,0.587,-1.0,other_by_title,Title review: literature/history/religion/politics; not evidence of no science in body
21,24258,1636,Venus and Adonis.,institutional-books,0.97,-1.0,other_by_title,Title review: literature/history/religion/politics; not evidence of no science in body
12,19666,1637,"Hide Parke, a comedie [in five acts, in verse]",blbooks,0.554,-1.0,other_by_title,Title review: literature/history/religion/politics; not evidence of no science in body
13,12261,1637,"The Elder Brother. A comedie, [in five acts and in verse.] Written by J. F [and F. Beaumont?]",blbooks,0.456,-1.0,other_by_title,Title review: literature/history/religion/politics; not evidence of no science in body
11,33463,1637,"The Example [A comedy, in five acts, in verse.]",blbooks,0.569,-1.0,other_by_title,Title review: literature/history/religion/politics; not evidence of no science in body
11,34629,1637,The Gamester [A comedy in five acts and in verse.] As it was presented by her Majesties Servants at the private House in Drury-Lane,blbooks,0.562,-1.0,other_by_title,Title review: literature/history/religion/politics; not evidence of no science in body
11,28522,1637,"The Lady of Pleasure. A comedie, as it was acted by her Majesties Servants, at the private House in Drury Lane",blbooks,0.561,-1.0,other_by_title,Title review: literature/history/religion/politics; not evidence of no science in body
11,546,1637,The Miseries of Enforced Marriage ... 1607,blbooks,0.424,-1.0,other_by_title,Title review: literature/history/religion/politics; not evidence of no science in body
11,49631,1637,"The Royall King, and the Loyall Subject, etc [A tragi-comedy, in five acts, and in prose and verse.]",blbooks,0.512,-1.0,other_by_title,Title review: literature/history/religion/politics; not evidence of no science in body
12,11188,1637,"The Schoole of Complement [A comedy in five acts, in prose and verse.]",blbooks,0.508,-1.0,other_by_title,Title review: literature/history/religion/politics; not evidence of no science in body
11,2000,1637,"The Young Admirall. As it was presented by her Majesties servants, at the private house in Drury Lane",blbooks,0.467,-1.0,other_by_title,Title review: literature/history/religion/politics; not evidence of no science in body
11,21894,1638,"The Bondman: an Antient Storie, etc [In five acts and in verse.]",blbooks,0.54,-1.0,other_by_title,Title review: literature/history/religion/politics; not evidence of no science in body
10,42008,1638,"The Conspiracy, a tragedy [In five acts, in prose and verse.]",blbooks,0.452,-1.0,other_by_title,Title review: literature/history/religion/politics; not evidence of no science in body
11,24460,1638,The Duke of Millaine. A Tragaedie [in five acts and in verse],blbooks,0.505,-1.0,other_by_title,Title review: literature/history/religion/politics; not evidence of no science in body
10,29324,1638,"The Dukes Mistris [A tragedy, in five acts, in verse.]",blbooks,0.576,-1.0,other_by_title,Title review: literature/history/religion/politics; not evidence of no science in body
11,34415,1638,"The Martyr'd Souldier [A tragedy in five acts, in verse; edited by J. K.]",blbooks,0.564,-1.0,other_by_title,Title review: literature/history/religion/politics; not evidence of no science in body
10,23362,1638,"The Wise-woman of Hogsdon. A Comedie [in five acts and principally in prose], etc",blbooks,0.504,-1.0,other_by_title,Title review: literature/history/religion/politics; not evidence of no science in body
11,14299,1638,revised and refined [With a woodcut.],blbooks,0.44,-1.0,ambiguous,Incomplete title
11,22013,1639,A king and no king. London 1619,blbooks,0.376,-1.0,other_by_title,Title review: literature/history/religion/politics; not evidence of no science in body
12,726,1639,"Philaster, 1622",blbooks,0.525,-1.0,other_by_title,Title review: literature/history/religion/politics; not evidence of no science in body
14,5904,1639,"Salmacida spolia. A masque. Presented by the King and Queenes Majesties, at White-hall, on Tuesday the 21. day of Ianuary 1639 [In verse.]",blbooks,0.4,-1.0,other_by_title,Title review: literature/history/religion/politics; not evidence of no science in body
11,21215,1639,"The Ball. A comedy, as it was presented by her Majesties servants, at the private house in Drury Lane. Written by George Chapman, and James Shirly",blbooks,0.504,-1.0,other_by_title,Title review: literature/history/religion/politics; not evidence of no science in body
14,23357,1639,The Bloody Brother. A Tragedy. By B. J. F [By John Fletcher and others.],blbooks,0.508,-1.0,other_by_title,Title review: literature/history/religion/politics; not evidence of no science in body
13,23159,1639,"The Maides Revenge. A tragedy. As it hath been acted with good applause at the private house in Drury Lane, by her Majesties Servants",blbooks,0.501,-1.0,other_by_title,Title review: literature/history/religion/politics; not evidence of no science in body
11,39747,1639,"The Sophister. A comedy [in five acts, prose and verse. By R. Zouch?]",blbooks,0.552,-1.0,other_by_title,Title review: literature/history/religion/politics; not evidence of no science in body
14,33544,1639,"The Tragedie of Chabot Admirall of France: as it was presented by her Majesties servants, at the private house in Drury Lane. Written by George Chapman, and James Shirly",blbooks,0.536,-1.0,other_by_title,Title review: literature/history/religion/politics; not evidence of no science in body
14,28601,1639,"Wit without Money. A comedie ... Written by F. Beamount [sic], and J. Flecher, Gent [or rather, by Fletcher alone]",blbooks,0.509,-1.0,other_by_title,Title review: literature/history/religion/politics; not evidence of no science in body
10,14347,1640,"A Mad World my Masters: a comedy. As it hath bin often acted at the Private House in Salisbury Court, by her Majesties Servants. Composed by T. M. Gent [i.e. T. Middleton.]",blbooks,0.509,-1.0,other_by_title,Title review: literature/history/religion/politics; not evidence of no science in body
14,13216,1640,"Rule a Wife and have a Wife. A comoedy, etc",blbooks,0.531,-1.0,other_by_title,Title review: literature/history/religion/politics; not evidence of no science in body
10,16685,1640,St Patrick for Ireland. The first Part,blbooks,0.487,-1.0,other_by_title,Title review: literature/history/religion/politics; not evidence of no science in body
14,17914,1640,"The Constant Maid. A comedy [in five acts, in verse]",blbooks,0.55,-1.0,other_by_title,Title review: literature/history/religion/politics; not evidence of no science in body
12,13525,1640,"The Dutchesse of Malfy, etc",blbooks,0.509,-1.0,other_by_title,Title review: literature/history/religion/politics; not evidence of no science in body
11,12415,1640,The Sparagus Garden: a comedie [In verse.],blbooks,0.55,-1.0,other_by_title,Title review: literature/history/religion/politics; not evidence of no science in body
11,1482,1640,The Strange Discovery; a tragi-comedy [in five acts and in verse],blbooks,0.564,-1.0,other_by_title,Title review: literature/history/religion/politics; not evidence of no science in body
12,15893,1640,The Swaggering Damsell. A comedy. Written by R. C. (Rob. Chamberlaine.),blbooks,0.471,-1.0,other_by_title,Title review: literature/history/religion/politics; not evidence of no science in body
10,7427,1641,"Mercurius Britanicus; or, the English Intelligencer. A Tragic-Comedy, at Paris. Acted with great applause [In four acts and in prose. By R. Braithwait.]",blbooks,0.453,-1.0,other_by_title,Title review: literature/history/religion/politics; not evidence of no science in body
13,6950,1641,"The Divell is an Asse. A comedie acted in the yeare, 1616. By His Majesties Servants",blbooks,0.454,-1.0,other_by_title,Title review: literature/history/religion/politics; not evidence of no science in body
31,45715,1645,"A consideration of certaine controversies at this time agitated in the kingdome of England, concerning the government of the church of God.",institutional-books,0.99,-1.0,other_by_title,Title review: literature/history/religion/politics; not evidence of no science in body
10,13399,1646,"Bussy d'Ambois: a tragedie, etc",blbooks,0.438,-1.0,other_by_title,Title review: literature/history/religion/politics; not evidence of no science in body
14,31096,1647,The Countrie Girle. A comedie [In verse.] By T. B,blbooks,0.512,-1.0,other_by_title,Title review: literature/history/religion/politics; not evidence of no science in body
12,12843,1648,"Il Pastor Fido. The faithfull Shepheard [Translated from the Italian of Guarini.] With an addition of divers other Poems, concluding with a short discourse of the long Civill Warres of Rome ... by Richard Fanshawe, Esq [With an engraved portrait of Guarini by Thomas Cross.]",blbooks,0.612,-1.0,other_by_title,Title review: literature/history/religion/politics; not evidence of no science in body
11,6516,1648,"The Tragedy of Thierry King of France, and his Brother Theodoret, etc [By F. Beaumont and J. Fletcher, and probably revised by Massinger.] [In five acts and in verse.]",blbooks,0.556,-1.0,other_by_title,Title review: literature/history/religion/politics; not evidence of no science in body
10,9791,1648,"The Woman Hater [a comedy, in five acts, in prose and verse; by J. Fletcher and F. Beaumont?]",blbooks,0.51,-1.0,other_by_title,Title review: literature/history/religion/politics; not evidence of no science in body
13,41565,1649,"A Bartholomew Fairing, new, new, new: sent from the raised siege before Dublin as a preparatory present to the great thanksgiving day. To be communicated onely to Independents [A satirical drama, chiefly in prose.]",blbooks,0.51,-1.0,other_by_title,Title review: literature/history/religion/politics; not evidence of no science in body
11,38180,1649,"The Virgin Widow. A Comedie [in five acts, in prose and verse]",blbooks,0.603,-1.0,other_by_title,Title review: literature/history/religion/politics; not evidence of no science in body
11,1172,1650,"revised, etc [With a woodcut.]",blbooks,0.459,-1.0,ambiguous,Incomplete title
13,7783,1651,"The Elder Brother: a Comedie ... Written by F. Beaumont and J. Fletcher [or more probably written by Fletcher, and revised by Massinger] ... The second edition, corrected and amended",blbooks,0.52,-1.0,other_by_title,Title review: literature/history/religion/politics; not evidence of no science in body
14,40793,1651,"The Virgin Martir, a Tragedie [in five acts and in verse and prose.]",blbooks,0.526,-1.0,other_by_title,Title review: literature/history/religion/politics; not evidence of no science in body
10,5666,1652,"A Joviall Crew: or, the Merry Beggar. Presented in a comedie, etc",blbooks,0.659,-1.0,other_by_title,Title review: literature/history/religion/politics; not evidence of no science in body
12,29282,1652,"The voyages and travels of that renowned Captain Sir F. Drake into the West Indies, and round about the world, etc",blbooks,0.418,-1.0,science_adjacent,"Travel/geography, not a mechanics treatise"
14,25362,1653,"The Liberties and Customes of the Lead-mines within the wapentake of Wirksworth in the County of Derby ... composed in meeter, etc",blbooks,0.475,-1.0,science_adjacent,Mining customs/law in verse; technical content uncertain
14,31713,1653,"The Spanish Gipsie [A comedy, in five acts and in prose and verse.] ... Written by T. Middleton and W. Rowley, etc",blbooks,0.576,-1.0,other_by_title,Title review: literature/history/religion/politics; not evidence of no science in body
13,24462,1654,"The Combat of Love and Friendship, a comedy [in five acts, in verse and prose]",blbooks,0.491,-1.0,other_by_title,Title review: literature/history/religion/politics; not evidence of no science in body
14,47846,1655,"King John and Matilda, a tragedy. As it was acted with great applause by her Majesties servants at the Cock-pit in Drury-lane",blbooks,0.518,-1.0,other_by_title,Title review: literature/history/religion/politics; not evidence of no science in body
12,22898,1655,"Polyeuctes, or the Martyr. A tragedy [in five acts and in verse, translated from Corneille]",blbooks,0.602,-1.0,other_by_title,Title review: literature/history/religion/politics; not evidence of no science in body
11,12283,1655,"The Hectors; or, the False Challenge. A comedy [in five acts, and in prose] . Written in the year 1655; the scene London [Sometimes attributed to Edmund Prestwich.]",blbooks,0.45,-1.0,other_by_title,Title review: literature/history/religion/politics; not evidence of no science in body
13,15290,1655,"The Polititian, a tragedy [in five acts, in verse]",blbooks,0.508,-1.0,other_by_title,Title review: literature/history/religion/politics; not evidence of no science in body
14,35863,1655,"The Poor-Mans Comfort. A tragi-comedy, etc",blbooks,0.464,-1.0,other_by_title,Title review: literature/history/religion/politics; not evidence of no science in body
12,8882,1655,The Twins: a tragi-comedy [in five acts and in verse],blbooks,0.574,-1.0,other_by_title,Title review: literature/history/religion/politics; not evidence of no science in body
14,7585,1656,Horatius: a Roman Tragedie [in five acts and in verse],blbooks,0.62,-1.0,other_by_title,Title review: literature/history/religion/politics; not evidence of no science in body
12,20499,1656,"The Faithfull Shepherdesse ... The third Edition, with Addition",blbooks,0.599,-1.0,other_by_title,Title review: literature/history/religion/politics; not evidence of no science in body
10,32817,1656,"The Siege of Rhodes made a representation by the art of prospective in scenes, and the story sung in recitative musick, etc [In verse.]",blbooks,0.584,-1.0,other_by_title,Title review: literature/history/religion/politics; not evidence of no science in body
13,2612,1656,"The excellent comedy, called The Old Law: or, a new way to please you [in five acts, in verse and prose] by Phil Massinger, T. Middleton, W. Rowley ... Together with an exact and perfect catalogue of all the playes, with the authors names, etc",blbooks,0.382,-1.0,other_by_title,Title review: literature/history/religion/politics; not evidence of no science in body
11,43140,1657,"The Obstinate Lady; a new comedy, etc",blbooks,0.485,-1.0,other_by_title,Title review: literature/history/religion/politics; not evidence of no science in body
12,41092,1657,"The Queenes Exchange, a comedy, etc [In verse. Edited by H. Brome.]",blbooks,0.608,-1.0,other_by_title,Title review: literature/history/religion/politics; not evidence of no science in body
11,2848,1658,The Old Couple. A comedy [in five acts and in verse],blbooks,0.55,-1.0,other_by_title,Title review: literature/history/religion/politics; not evidence of no science in body
13,47557,1659,Appius and Virginia; a tragedy [in five acts and in verse],blbooks,0.499,-1.0,other_by_title,Title review: literature/history/religion/politics; not evidence of no science in body
18,14015,1659,"Early records of Dedham, Massachusetts.",institutional-books,0.91,-1.0,other_by_title,Title review: literature/history/religion/politics; not evidence of no science in body
18,19892,1659,"Early records of Dedham, Massachusetts.",institutional-books,0.94,-1.0,other_by_title,Title review: literature/history/religion/politics; not evidence of no science in body
13,13936,1659,"The London Chaunticleres. A witty Comœdy [in fourteen scenes, and in prose], full of various and delightfull mirth, etc",blbooks,0.525,-1.0,other_by_title,Title review: literature/history/religion/politics; not evidence of no science in body
22,596,1660,"Boscobel, or The history of His Majesties [Charles II.] miraculous preservation after the battle of Worcester, 3 Sept. 1651.",institutional-books,0.99,-1.0,other_by_title,Title review: literature/history/religion/politics; not evidence of no science in body
13,41224,1660,The Rump: or the Mirrour of the late times: a new comedy [in five acts and in prose],blbooks,0.502,-1.0,other_by_title,Title review: literature/history/religion/politics; not evidence of no science in body
10,35978,1660,"The Subjects Joy for the King's Restoration, cheerfully made known in a sacred masque [in verse] . By the author of Inquisitio Anglicana",blbooks,0.579,-1.0,other_by_title,Title review: literature/history/religion/politics; not evidence of no science in body
14,2264,1661,"A Joviall Crew: or, the Merry Beggar. Presented in a comedie, etc",blbooks,0.431,-1.0,other_by_title,Title review: literature/history/religion/politics; not evidence of no science in body
10,7953,1661,"A Pleasant Comedie, called The Two Merry Milke-Maids. Or, the Best words weare the garland. By I. C",blbooks,0.392,-1.0,other_by_title,Title review: literature/history/religion/politics; not evidence of no science in body
14,21937,1661,"A Prophetical Love-Song by one of the Sons of Zion ... in his travel towards the Holy Land through the Wilderness, etc",blbooks,0.405,-1.0,other_by_title,Title review: literature/history/religion/politics; not evidence of no science in body
14,28987,1661,A cure for a Cuckold: a pleasant comedy [in five acts and in prose],blbooks,0.404,-1.0,other_by_title,Title review: literature/history/religion/politics; not evidence of no science in body
36,2236,1661,Journals of the House of Commons of the Kingdom of Ireland.,institutional-books,0.98,-1.0,other_by_title,Title review: literature/history/religion/politics; not evidence of no science in body
11,7370,1661,"Philaster, 1622",blbooks,0.429,-1.0,other_by_title,Title review: literature/history/religion/politics; not evidence of no science in body
10,19070,1661,"The City-Night-Cap: or, Crede quod habes, & habes. A tragi-comedy ... As it was acted with great applause, by Her Majesties servants, at the Phœnix in Drury Lane",blbooks,0.494,-1.0,other_by_title,Title review: literature/history/religion/politics; not evidence of no science in body
10,30707,1661,"The Fatal Contract, a French Tragedy [in five acts and in verse], etc [Edited by A. T. and A. P.]",blbooks,0.488,-1.0,other_by_title,Title review: literature/history/religion/politics; not evidence of no science in body
12,26059,1661,The Mayor of Quinborough; a comedy [in five acts and in verse],blbooks,0.544,-1.0,other_by_title,Title review: literature/history/religion/politics; not evidence of no science in body
14,21330,1661,"The Spanish Gipsie [A comedy, in five acts and in prose and verse.] ... Written by T. Middleton and W. Rowley, etc",blbooks,0.569,-1.0,other_by_title,Title review: literature/history/religion/politics; not evidence of no science in body
14,33510,1661,The Thracian wonder; a comical history [in five acts and in prose],blbooks,0.526,-1.0,other_by_title,Title review: literature/history/religion/politics; not evidence of no science in body
13,923,1661,"The Virgin Martir, a Tragedie [in five acts and in verse and prose.]",blbooks,0.441,-1.0,other_by_title,Title review: literature/history/religion/politics; not evidence of no science in body
14,43798,1661,The elder brother ... London 1637,blbooks,0.489,-1.0,other_by_title,Title review: literature/history/religion/politics; not evidence of no science in body
12,18907,1661,with additions,blbooks,0.499,-1.0,ambiguous,Incomplete title
13,42213,1662,"Any Thing for a Quiet Life. A comedy [in five acts, and in prose]",blbooks,0.582,-1.0,other_by_title,Title review: literature/history/religion/politics; not evidence of no science in body
12,13186,1662,"The Poor Scholar. A comedy [in five acts, in prose and verse]",blbooks,0.559,-1.0,other_by_title,Title review: literature/history/religion/politics; not evidence of no science in body
0,37268,1663,Acts and resolves passed by the General Court.,institutional-books,0.99,-1.0,other_by_title,Title review: literature/history/religion/politics; not evidence of no science in body
2,42096,1663,Acts and resolves passed by the General Court.,institutional-books,0.99,-1.0,other_by_title,Title review: literature/history/religion/politics; not evidence of no science in body
5,7937,1663,Acts and resolves passed by the General Court.,institutional-books,0.99,-1.0,other_by_title,Title review: literature/history/religion/politics; not evidence of no science in body
5,18729,1663,Acts and resolves passed by the General Court.,institutional-books,0.99,-1.0,other_by_title,Title review: literature/history/religion/politics; not evidence of no science in body
5,30427,1663,Acts and resolves passed by the General Court.,institutional-books,0.99,-1.0,other_by_title,Title review: literature/history/religion/politics; not evidence of no science in body
5,32962,1663,Acts and resolves passed by the General Court.,institutional-books,0.99,-1.0,other_by_title,Title review: literature/history/religion/politics; not evidence of no science in body
6,1132,1663,Acts and resolves passed by the General Court.,institutional-books,0.99,-1.0,other_by_title,Title review: literature/history/religion/politics; not evidence of no science in body
7,10287,1663,Acts and resolves passed by the General Court.,institutional-books,0.99,-1.0,other_by_title,Title review: literature/history/religion/politics; not evidence of no science in body
7,15174,1663,Acts and resolves passed by the General Court.,institutional-books,0.99,-1.0,other_by_title,Title review: literature/history/religion/politics; not evidence of no science in body
8,16350,1663,Acts and resolves passed by the General Court.,institutional-books,0.99,-1.0,other_by_title,Title review: literature/history/religion/politics; not evidence of no science in body
8,38229,1663,Acts and resolves passed by the General Court.,institutional-books,0.99,-1.0,other_by_title,Title review: literature/history/religion/politics; not evidence of no science in body
8,42711,1663,Acts and resolves passed by the General Court.,institutional-books,0.99,-1.0,other_by_title,Title review: literature/history/religion/politics; not evidence of no science in body
9,6683,1663,Acts and resolves passed by the General Court.,institutional-books,0.99,-1.0,other_by_title,Title review: literature/history/religion/politics; not evidence of no science in body
17,7306,1663,Acts and resolves passed by the General Court.,institutional-books,0.99,-1.0,other_by_title,Title review: literature/history/religion/politics; not evidence of no science in body
18,41185,1663,Acts and resolves passed by the General Court.,institutional-books,1.0,-1.0,other_by_title,Title review: literature/history/religion/politics; not evidence of no science in body
35,23626,1663,Acts and resolves passed by the General Court.,institutional-books,0.99,-1.0,other_by_title,Title review: literature/history/religion/politics; not evidence of no science in body
36,38278,1663,Acts and resolves passed by the General Court.,institutional-books,0.99,-1.0,other_by_title,Title review: literature/history/religion/politics; not evidence of no science in body
39,41836,1663,Acts and resolves passed by the General Court.,institutional-books,0.95,-1.0,other_by_title,Title review: literature/history/religion/politics; not evidence of no science in body
12,27389,1663,"Hic et Ubique: or, The Humors of Dublin. A comedy [in five acts and in prose]",blbooks,0.512,-1.0,other_by_title,Title review: literature/history/religion/politics; not evidence of no science in body
14,23994,1663,Love a la mode : A comedy. As it was lately acted with great applause at Middlesex-House. Written by a person of honour,blbooks,0.455,-1.0,other_by_title,Title review: literature/history/religion/politics; not evidence of no science in body
10,39611,1663,The Politician cheated. A new comedy [in five acts and in prose],blbooks,0.542,-1.0,other_by_title,Title review: literature/history/religion/politics; not evidence of no science in body
14,46945,1663,"The Villain, a tragedy [in five acts and in verse], etc",blbooks,0.489,-1.0,other_by_title,Title review: literature/history/religion/politics; not evidence of no science in body
14,1351,1664,"The Carnival: a comedy [in five acts, in verse and prose]",blbooks,0.639,-1.0,other_by_title,Title review: literature/history/religion/politics; not evidence of no science in body
14,5163,1664,"The Step-Mother, a tragi-comedy",blbooks,0.554,-1.0,other_by_title,Title review: literature/history/religion/politics; not evidence of no science in body
14,12537,1664,"The Worth of a Peny: or a caution to keep money. With the causes of the scarcity and misery of the want hereof in these hard and mercilesse times, etc",blbooks,0.461,-1.0,other_by_title,Title review: literature/history/religion/politics; not evidence of no science in body
12,4254,1665,A new Play call'd the Pragmatical Jesuit Newleven'd. A comedy [With a portrait.],blbooks,0.536,-1.0,other_by_title,Title review: literature/history/religion/politics; not evidence of no science in body
0,43236,1665,"The English rogue: described, in the life of Meriton Latroon, a witty extravagant. Being a compleat history of the most eminent cheats of both sexes...",institutional-books,0.98,-1.0,other_by_title,Title review: literature/history/religion/politics; not evidence of no science in body
2,13251,1665,"The English rogue: described, in the life of Meriton Latroon, a witty extravagant. Being a compleat history of the most eminent cheats of both sexes...",institutional-books,0.99,-1.0,other_by_title,Title review: literature/history/religion/politics; not evidence of no science in body
2,34172,1665,"The English rogue: described, in the life of Meriton Latroon, a witty extravagant. Being a compleat history of the most eminent cheats of both sexes...",institutional-books,0.99,-1.0,other_by_title,Title review: literature/history/religion/politics; not evidence of no science in body
3,45311,1665,"The English rogue: described, in the life of Meriton Latroon, a witty extravagant. Being a compleat history of the most eminent cheats of both sexes...",institutional-books,0.99,-1.0,other_by_title,Title review: literature/history/religion/politics; not evidence of no science in body
25,10542,1665,"The English rogue: described, in the life of Meriton Latroon, a witty extravagant. Being a compleat history of the most eminent cheats of both sexes...",institutional-books,0.99,-1.0,other_by_title,Title review: literature/history/religion/politics; not evidence of no science in body
27,30302,1665,"The English rogue: described, in the life of Meriton Latroon, a witty extravagant. Being a compleat history of the most eminent cheats of both sexes...",institutional-books,0.99,-1.0,other_by_title,Title review: literature/history/religion/politics; not evidence of no science in body
28,4528,1665,"The English rogue: described, in the life of Meriton Latroon, a witty extravagant. Being a compleat history of the most eminent cheats of both sexes...",institutional-books,0.98,-1.0,other_by_title,Title review: literature/history/religion/politics; not evidence of no science in body
28,34844,1665,"The English rogue: described, in the life of Meriton Latroon, a witty extravagant. Being a compleat history of the most eminent cheats of both sexes...",institutional-books,0.99,-1.0,other_by_title,Title review: literature/history/religion/politics; not evidence of no science in body
13,11599,1665,"The Faithfull Shepherdesse ... The third Edition, with Addition",blbooks,0.559,-1.0,other_by_title,Title review: literature/history/religion/politics; not evidence of no science in body
14,41372,1666,"Fair-play on both sides: or, the surest way to heaven: discovered in a dispute between a Roman-Catholic and a Protestant",blbooks,0.469,-1.0,other_by_title,Title review: literature/history/religion/politics; not evidence of no science in body
28,13689,1666,Philosophical transactions.,institutional-books,0.96,-1.0,science_candidate,Science journal; actual volume date needs review
10,9530,1667,"The Amazon Queen; or, The Amours of Thalestris to Alexander the Great. A tragi-comedy [in five acts and in verse]",blbooks,0.481,-1.0,other_by_title,Title review: literature/history/religion/politics; not evidence of no science in body
10,23494,1667,"The English Princess, or, the Death of Richard the III. A tragedy [in five acts and in verse. By J. Caryl]",blbooks,0.654,-1.0,other_by_title,Title review: literature/history/religion/politics; not evidence of no science in body
10,33190,1667,"The Indian Emperour, or, The conquest of Mexico by the Spaniards. Being the sequel of the Indian Queen",blbooks,0.613,-1.0,other_by_title,Title review: literature/history/religion/politics; not evidence of no science in body
10,40346,1667,"The Roman Generalls; or, the Distressed Ladies [A drama, in five acts and in verse.]",blbooks,0.558,-1.0,other_by_title,Title review: literature/history/religion/politics; not evidence of no science in body
14,45815,1668,"London's-Nonsuch; or, the glory of the Royal Exchange [In verse] ... By a real well-wisher to the trade ... of ... London, a present fellow ... in Gresham Colledge ... whose name is, Anagram, Ehver Kynd [Henry Duke?]",blbooks,0.439,-1.0,other_by_title,Title review: literature/history/religion/politics; not evidence of no science in body
12,369,1668,Money is an Asse; a Comedy [in five acts and in prose],blbooks,0.385,-1.0,other_by_title,Title review: literature/history/religion/politics; not evidence of no science in body
11,10147,1668,"She Wou'd if she Cou'd, a comedy [in five acts and in prose]",blbooks,0.637,-1.0,other_by_title,Title review: literature/history/religion/politics; not evidence of no science in body
12,5292,1668,"Tarugo's Wiles: or, The Coffee-house. A comedy [in five acts and in prose]",blbooks,0.512,-1.0,other_by_title,Title review: literature/history/religion/politics; not evidence of no science in body
10,49786,1668,"The Great Favourite, or, The Duke of Lerma [A tragedy in five acts, and in verse.]",blbooks,0.461,-1.0,other_by_title,Title review: literature/history/religion/politics; not evidence of no science in body
10,49398,1668,"The Mulberry Garden, a comedy [in five acts and in verse], etc",blbooks,0.625,-1.0,other_by_title,Title review: literature/history/religion/politics; not evidence of no science in body
12,23039,1668,"The Rivals : A comedy, etc",blbooks,0.441,-1.0,other_by_title,Title review: literature/history/religion/politics; not evidence of no science in body
11,31463,1668,"The Sullen Lovers, or the Impertinents, a comedy [in five acts and in prose]",blbooks,0.57,-1.0,other_by_title,Title review: literature/history/religion/politics; not evidence of no science in body
12,22373,1668,"The Usurper, a tragedy [in five acts, and in verse]",blbooks,0.568,-1.0,other_by_title,Title review: literature/history/religion/politics; not evidence of no science in body
14,39186,1668,"The Works of Mr Abraham Cowley. Consisting of those which were formerly printed: and those which he design'd for the press, now published out of the authors original copies [Edited, with an account of the life and writings of Cowley, by Thomas Sprat, Bishop of Rochester. With a portrait by W. Faithorne.]",blbooks,0.498,-1.0,mixed_literary,Literary collected works; incidental scientific content possible
12,40168,1669,"Pluto Furens & Vinctus; or, The raging Devil bound. A modern farce [in three acts in prose] . Per Philocomicum [i.e. C. F.]",blbooks,0.476,-1.0,other_by_title,Title review: literature/history/religion/politics; not evidence of no science in body
10,43875,1669,"Poems, to which is added ... Corneille's Pompey and Horace, tragedies. With several other translations out of French",blbooks,0.613,-1.0,other_by_title,Title review: literature/history/religion/politics; not evidence of no science in body
13,39900,1669,"Secret-love, or The maiden-queen: as it is acted by His Majesties Servants, at the Theater-Royal",blbooks,0.578,-1.0,other_by_title,Title review: literature/history/religion/politics; not evidence of no science in body
11,32970,1669,"The Comical Revenge; or Love in a Tub, etc",blbooks,0.516,-1.0,other_by_title,Title review: literature/history/religion/politics; not evidence of no science in body
10,10619,1669,The Tragedie of Hero and Leander [in five acts and in verse],blbooks,0.565,-1.0,other_by_title,Title review: literature/history/religion/politics; not evidence of no science in body
12,42371,1669,The history of Henry the Fifth ... 1668. A facsimile published by Cornmarket Press from the copy in the Birmingham Shakespeare Library,blbooks,0.572,-1.0,other_by_title,Title review: literature/history/religion/politics; not evidence of no science in body
24,48540,1670,"Daily meditations: or, Quotidian preparations for and considerations of death and eternity begun July 19. 1666",institutional-books,0.97,-1.0,other_by_title,Title review: literature/history/religion/politics; not evidence of no science in body
12,31003,1670,Flora's Vagaries; a comedy [in five acts and in prose. By R. Rhodes],blbooks,0.529,-1.0,other_by_title,Title review: literature/history/religion/politics; not evidence of no science in body
14,1831,1670,"Marcelia: or, the Treacherous Friend. A tragicomedy, etc",blbooks,0.423,-1.0,other_by_title,Title review: literature/history/religion/politics; not evidence of no science in body
10,31087,1670,"Tartuffe; or, the French Puritan, a comedy [in five acts, in verse] render'd into English with much addition and advantage by M. Medbourne, etc",blbooks,0.464,-1.0,other_by_title,Title review: literature/history/religion/politics; not evidence of no science in body
10,9484,1670,"The Villain, a tragedy [in five acts and in verse], etc",blbooks,0.596,-1.0,other_by_title,Title review: literature/history/religion/politics; not evidence of no science in body
12,42674,1671,"An evening's love, or The mock astrologer. Acted at the Theater Royal, by His Majesties Servants",blbooks,0.747,-1.0,other_by_title,Title review: literature/history/religion/politics; not evidence of no science in body
14,32349,1671,"Horace, a French tragedy ... Englished by Charles Cotton",blbooks,0.652,-1.0,other_by_title,Title review: literature/history/religion/politics; not evidence of no science in body
13,27385,1671,"Juliana, or the Princess of Poland. A tragicomedy, etc",blbooks,0.557,-1.0,other_by_title,Title review: literature/history/religion/politics; not evidence of no science in body
14,41115,1671,"She Wou'd if she Cou'd, a comedy [in five acts and in prose]",blbooks,0.594,-1.0,other_by_title,Title review: literature/history/religion/politics; not evidence of no science in body
14,31279,1671,"Sir Salomon; or, The Cautious Coxcomb; a comedy [In five acts and in prose. By J. Caryl.]",blbooks,0.625,-1.0,other_by_title,Title review: literature/history/religion/politics; not evidence of no science in body
11,48252,1671,"The Cheats. A comedy. Written in the year, M.DC.LXII [By John Wilson.]",blbooks,0.518,-1.0,other_by_title,Title review: literature/history/religion/politics; not evidence of no science in body
14,18279,1671,"The Forc'd Marriage; or, the Jealous Bridegroom; a tragi-comedy [In verse.]",blbooks,0.429,-1.0,other_by_title,Title review: literature/history/religion/politics; not evidence of no science in body
14,15281,1671,"The Humorists, a comedy [in five acts and in prose], etc",blbooks,0.556,-1.0,other_by_title,Title review: literature/history/religion/politics; not evidence of no science in body
13,29140,1671,"The Religious-Rebell, or the Pilgrim-Prince. A tragædy [in five acts and in verse]",blbooks,0.539,-1.0,other_by_title,Title review: literature/history/religion/politics; not evidence of no science in body
10,32810,1671,The Roman Empress. A tragedy [in five acts and in verse],blbooks,0.633,-1.0,other_by_title,Title review: literature/history/religion/politics; not evidence of no science in body
11,1163,1671,"The Town Shifts; or, the Suburb-Justice. A comedy [in five acts and in prose]",blbooks,0.515,-1.0,other_by_title,Title review: literature/history/religion/politics; not evidence of no science in body
12,43855,1671,The Womens Conquest : a tragi-comedy : as it was acted by His Highness the Duke of York's servants,blbooks,0.645,-1.0,other_by_title,Title review: literature/history/religion/politics; not evidence of no science in body
12,11725,1672,"Cambyses, King of Persia, a tragedy [in five acts and in verse], etc",blbooks,0.505,-1.0,other_by_title,Title review: literature/history/religion/politics; not evidence of no science in body
14,32853,1672,"Great Britains Glory; or, A brief description of the present state ... of the Royal Exchange. With some remarkable passages relating to the present engagement [i.e. the Dutch war] ... By Theophilus Philalethes [In verse.]",blbooks,0.515,-1.0,other_by_title,Title review: literature/history/religion/politics; not evidence of no science in body
13,13720,1672,"The Dumb Lady: or, The Farriar made Physician, etc [A comedy, in five acts, and in prose, altered from Molière's 'Médecin malgré lui.']",blbooks,0.624,-1.0,other_by_title,Title review: literature/history/religion/politics; not evidence of no science in body
11,6623,1672,The Generous Enemies or the Ridiculous Lovers. A comedy. As it is acted at the Theatre Royal by His Majesties Servants,blbooks,0.558,-1.0,other_by_title,Title review: literature/history/religion/politics; not evidence of no science in body
14,16744,1672,"The History of Charles the Eighth of France, or the Invasion of Naples by the French, etc",blbooks,0.457,-1.0,other_by_title,Title review: literature/history/religion/politics; not evidence of no science in body
12,8879,1672,The Miser: a comedy [in five acts and in prose: founded on Molière's 'L'Avare'] ... Written by T. Shadwell,blbooks,0.676,-1.0,other_by_title,Title review: literature/history/religion/politics; not evidence of no science in body
12,26384,1672,"The Soul's Warfare, comically digested into scenes, acted between the Soul and hr enemies, etc [In three acts and in verse. By R. T, i.e. Richard Tuke.]",blbooks,0.529,-1.0,other_by_title,Title review: literature/history/religion/politics; not evidence of no science in body
12,16747,1672,"The white devil, etc",blbooks,0.531,-1.0,other_by_title,Title review: literature/history/religion/politics; not evidence of no science in body
11,34194,1672,"Two New Tragedies. The Black Prince, and Tryphon, etc",blbooks,0.512,-1.0,other_by_title,Title review: literature/history/religion/politics; not evidence of no science in body
10,21871,1672,"Tyrannick love, or The royal martyr. A tragedy. As it is acted by his Majesties Servants, at the Theatre Royal",blbooks,0.634,-1.0,other_by_title,Title review: literature/history/religion/politics; not evidence of no science in body
11,45597,1673,Amboyna: a tragedy. As it is acted at the Theatre-Royal,blbooks,0.532,-1.0,other_by_title,Title review: literature/history/religion/politics; not evidence of no science in body
12,29666,1673,"Epsom-Wells. A comedy, etc [in five acts and in prose.]",blbooks,0.628,-1.0,other_by_title,Title review: literature/history/religion/politics; not evidence of no science in body
12,18344,1673,The Dutch Lover: a comedy ... Written by Mrs. A. Bhen [sic],blbooks,0.643,-1.0,other_by_title,Title review: literature/history/religion/politics; not evidence of no science in body
10,22123,1673,The Empress of Morocco. A tragedy. With sculptures. As it is acted at the Duke's theatre.,institutional-books,0.97,-1.0,other_by_title,Title review: literature/history/religion/politics; not evidence of no science in body
11,1966,1673,The Fatal Jealousie. A Tragedy [in five acts and in verse. By N. Payne],blbooks,0.415,-1.0,other_by_title,Title review: literature/history/religion/politics; not evidence of no science in body
10,43393,1673,The Reformation. A comedy [In five acts and in prose. By - Arrowsmith.],blbooks,0.566,-1.0,other_by_title,Title review: literature/history/religion/politics; not evidence of no science in body
13,3397,1673,The careless lovers: a comedy [in five acts and in prose. Partly taken from Molière's 'Monsieur de Pourceaugnac'] . (Epilogue by Mr. Settle.),blbooks,0.595,-1.0,other_by_title,Title review: literature/history/religion/politics; not evidence of no science in body
12,26865,1673,The conquest of Granada by the Spaniards: in two parts. Acted at the Theater-Royall,blbooks,0.602,-1.0,other_by_title,Title review: literature/history/religion/politics; not evidence of no science in body
13,48159,1674,"Macbeth : a tragedy. With all the alterations, amendments, additions, and new songs [by Sir William Davenant] . As it is now acted at the Dukes Theatre [Anonymous.]",blbooks,0.623,-1.0,other_by_title,Title review: literature/history/religion/politics; not evidence of no science in body
10,26209,1674,"The Comical Dream, or, the Tempest: a mock poem, etc",blbooks,0.454,-1.0,other_by_title,Title review: literature/history/religion/politics; not evidence of no science in body
11,30290,1674,The Mall: or the Modish lovers. A comedy. Acted by His Majesties Servants [The dedicatory epistle signed: J. D.],blbooks,0.613,-1.0,other_by_title,Title review: literature/history/religion/politics; not evidence of no science in body
14,8827,1674,"The Spanish Rogue [a comedy, in five acts and in verse]",blbooks,0.654,-1.0,other_by_title,Title review: literature/history/religion/politics; not evidence of no science in body
14,1252,1675,"Agrippa, roy d'Albe. Agrippa, King of Alba: or, the False Tiberinus, etc The translator's dedicatory epistle signed: J. D, i.e. John Dancer",blbooks,0.651,-1.0,other_by_title,Title review: literature/history/religion/politics; not evidence of no science in body
14,42674,1675,"Cambyses, King of Persia, a tragedy [in five acts and in verse], etc",blbooks,0.499,-1.0,other_by_title,Title review: literature/history/religion/politics; not evidence of no science in body
11,26923,1675,Love and Revenge: a tragedy [in five acts and in verse],blbooks,0.566,-1.0,other_by_title,Title review: literature/history/religion/politics; not evidence of no science in body
11,21617,1675,"Psyche: a tragedy, etc [in five acts and in verse, partly borrowed from the French of Molière.]",blbooks,0.591,-1.0,other_by_title,Title review: literature/history/religion/politics; not evidence of no science in body
12,15683,1675,"The Mock Tempest; or, the Enchanted Castle",blbooks,0.609,-1.0,other_by_title,Title review: literature/history/religion/politics; not evidence of no science in body
12,23334,1675,"The Mulberry Garden, a comedy [in five acts and in verse], etc",blbooks,0.639,-1.0,other_by_title,Title review: literature/history/religion/politics; not evidence of no science in body
10,34756,1675,"The Siege of Constantinople; a tragedy, etc [In verse. By Henry Neville Payne.]",blbooks,0.58,-1.0,other_by_title,Title review: literature/history/religion/politics; not evidence of no science in body
13,33743,1675,"The Tragedy of Nero, Emperour of Rome, etc [In five acts, in verse and in prose.]",blbooks,0.648,-1.0,other_by_title,Title review: literature/history/religion/politics; not evidence of no science in body
10,34201,1675,"The citizen turn'd gentleman: a comedy, etc [in five acts and in prose. Taken from Molière's 'Le Bourgeois Gentilhomme' and 'Monsieur de Pourceaugnac.']",blbooks,0.463,-1.0,other_by_title,Title review: literature/history/religion/politics; not evidence of no science in body
13,25605,1675,The rival ladies. A tragi-comedy. As it was acted at the Theater-Royal,blbooks,0.574,-1.0,other_by_title,Title review: literature/history/religion/politics; not evidence of no science in body
13,34065,1676,"A Warning to the inhabitants of England, and London in particular ... By M. A [i.e. Mary Adams.]",blbooks,0.471,-1.0,other_by_title,Title review: literature/history/religion/politics; not evidence of no science in body
13,4891,1676,A king and no king. London 1619,blbooks,0.482,-1.0,other_by_title,Title review: literature/history/religion/politics; not evidence of no science in body
13,12936,1676,"Piso's Conspiracy, a tragedy [in five acts and in verse, altered from Nathaniel Lee's tragedy of Nero, published anonymously in 1624]",blbooks,0.463,-1.0,other_by_title,Title review: literature/history/religion/politics; not evidence of no science in body
10,40142,1676,"The Libertine: a tragedy, etc [in five acts, in verse and in prose.]",blbooks,0.608,-1.0,other_by_title,Title review: literature/history/religion/politics; not evidence of no science in body
10,47567,1676,"The Man of Mode, or Sr Fopling Flutter; a comedy [in five acts, and in prose]",blbooks,0.649,-1.0,other_by_title,Title review: literature/history/religion/politics; not evidence of no science in body
14,40460,1676,"The Virtuoso. A comedy, etc [In five acts and in prose.]",blbooks,0.584,-1.0,other_by_title,Title review: literature/history/religion/politics; not evidence of no science in body
12,30484,1677,"Antony and Cleopatra; a tragedy [in five acts and in verse], etc",blbooks,0.663,-1.0,other_by_title,Title review: literature/history/religion/politics; not evidence of no science in body
13,41260,1677,"Circe, a tragedy. As it is acted at His Royal Highness the Duke of York's theatre",blbooks,0.568,-1.0,other_by_title,Title review: literature/history/religion/politics; not evidence of no science in body
12,6076,1677,Madam Fickle: or the Witty False One. A Comedy [in five acts and in verse],blbooks,0.585,-1.0,other_by_title,Title review: literature/history/religion/politics; not evidence of no science in body
14,12982,1677,"The Counterfeit Bridegroom: or, the Defeated widow. A comedy, as it is acted at His Royal Highness the Duke's Theatre [In verse. An adaptation, sometimes attributed to Thomas Betterton, of 'No Wit, No Help like a Woman,' by Thomas Middleton.]",blbooks,0.632,-1.0,other_by_title,Title review: literature/history/religion/politics; not evidence of no science in body
13,8585,1677,"The Country Innocence: or, The Chambermaid turn'd Quaker. A comedy [in five acts and in prose] . With alterations and amendments [from 'The Countrie Girle ... By T. B.']",blbooks,0.515,-1.0,other_by_title,Title review: literature/history/religion/politics; not evidence of no science in body
10,15122,1677,"The Debauchee: or, the Credulous cuckold, a comedy, etc [Adapted by Aphra Behn from Richard Brome's 'Mad Couple well matched.']",blbooks,0.658,-1.0,other_by_title,Title review: literature/history/religion/politics; not evidence of no science in body
12,15999,1677,"The Destruction of Jerusalem by Titus Vespasian. In two parts, etc. Few MS. notes",blbooks,0.652,-1.0,other_by_title,Title review: literature/history/religion/politics; not evidence of no science in body
11,22545,1677,The Humorous Lovers. A comedy,blbooks,0.596,-1.0,other_by_title,Title review: literature/history/religion/politics; not evidence of no science in body
12,48755,1677,"The Rover, or, the Banish't Cavaliers [A comedy in five acts and in prose, by Aphara Behn. Part the first.]",blbooks,0.634,-1.0,other_by_title,Title review: literature/history/religion/politics; not evidence of no science in body
10,272,1677,The Scornful Ladie ... 1616,blbooks,0.691,-1.0,other_by_title,Title review: literature/history/religion/politics; not evidence of no science in body
11,33975,1677,"The Triumphant Widow, or the Medley of humours. A comedy",blbooks,0.655,-1.0,other_by_title,Title review: literature/history/religion/politics; not evidence of no science in body
13,49558,1677,"The Wrangling Lovers: or, the Invisible Mistress. A comedy [in five acts, and in prose. By E. Ravenscroft]",blbooks,0.603,-1.0,other_by_title,Title review: literature/history/religion/politics; not evidence of no science in body
11,3582,1677,"The state of innocence, and fall of man: an opera, etc",blbooks,0.669,-1.0,other_by_title,Title review: literature/history/religion/politics; not evidence of no science in body
11,24645,1677,"Tom Essence, or the Modish Wife. A comedy [in five acts and in prose, by T. Rawlins]",blbooks,0.454,-1.0,other_by_title,Title review: literature/history/religion/politics; not evidence of no science in body
14,89,1677,"Tyrannick love, or The royal martyr. A tragedy. As it is acted by his Majesties Servants, at the Theatre Royal",blbooks,0.624,-1.0,other_by_title,Title review: literature/history/religion/politics; not evidence of no science in body
14,12173,1678,"All for love or, The world well lost. A tragedy, as it is acted at the Theatre-Royal; and written in imitation of Shakespeare's stile",blbooks,0.621,-1.0,other_by_title,Title review: literature/history/religion/politics; not evidence of no science in body
13,47993,1678,Friendship in Fashion. A comedy [in five acts and in prose],blbooks,0.628,-1.0,other_by_title,Title review: literature/history/religion/politics; not evidence of no science in body
13,16548,1678,Henry the Third of France stabb'd by a Fryer; with the Fall of the Guise. A tragedy [in five acts and in verse],blbooks,0.666,-1.0,other_by_title,Title review: literature/history/religion/politics; not evidence of no science in body
12,45679,1678,"Huntington Divertisement, or, an Enterlude for the generall entertainment at the county-feast, held at Merchant-Taylors Hall, June 20, 1678 [By W. M.]",blbooks,0.613,-1.0,other_by_title,Title review: literature/history/religion/politics; not evidence of no science in body
14,24533,1678,"The Constant Nymph: or, the Rambling Shepheard. A pastoral [in five acts and in verse] . Written by a Person of Quality",blbooks,0.539,-1.0,other_by_title,Title review: literature/history/religion/politics; not evidence of no science in body
10,26574,1678,"The Elder Brother: a Comedie ... Written by F. Beaumont and J. Fletcher [or more probably written by Fletcher, and revised by Massinger] ... The second edition, corrected and amended",blbooks,0.56,-1.0,other_by_title,Title review: literature/history/religion/politics; not evidence of no science in body
12,2995,1678,"The English Lawyer; a comedy, etc [Freely adapted from Codrington's translation of George Ruggle's 'Ignoramus.']",blbooks,0.593,-1.0,other_by_title,Title review: literature/history/religion/politics; not evidence of no science in body
10,18663,1678,The Fool turn'd Critick: a comedy ... By T. D. Gent [i.e. Thomas D'Urfey.],blbooks,0.57,-1.0,other_by_title,Title review: literature/history/religion/politics; not evidence of no science in body
12,18423,1678,"The French Conjuror. A comedy [in five acts and in prose] ... Written by T [homas] P [orter], Gent",blbooks,0.534,-1.0,other_by_title,Title review: literature/history/religion/politics; not evidence of no science in body
13,6234,1678,"The Man of Newmarket, etc [A comedy, in five acts and in prose, with songs.]",blbooks,0.662,-1.0,other_by_title,Title review: literature/history/religion/politics; not evidence of no science in body
11,26163,1678,"The Rambling Justice; or, the Jealous Husbands. With the humours of Sir John Twiford, etc [A comedy in five acts and in prose.]",blbooks,0.538,-1.0,other_by_title,Title review: literature/history/religion/politics; not evidence of no science in body
12,1166,1678,"The Traitor to Himself, or, Man's Heart his greatest enemy : a moral interlude in heroic verse, etc [By W. Johns.]",blbooks,0.512,-1.0,other_by_title,Title review: literature/history/religion/politics; not evidence of no science in body
13,23240,1678,"The assignation: or, Love in a nunnery. As it is acted, at the Theatre-Royal",blbooks,0.421,-1.0,other_by_title,Title review: literature/history/religion/politics; not evidence of no science in body
10,48284,1678,"The rambling Justice, or the jealous husbands. With the humours of Sir John Twiford [A comedy, in five acts, and in prose, by J. Leanerd. Borrowed from T. Middleton's 'More Dissemblers besides Women.']",blbooks,0.526,-1.0,other_by_title,Title review: literature/history/religion/politics; not evidence of no science in body
14,41717,1678,"The rambling justice, or, The jealous husbands. With the humours of Sir John Twiford. As it is acted at the Theatre Royal ...",institutional-books,0.96,-1.0,other_by_title,Title review: literature/history/religion/politics; not evidence of no science in body
13,3382,1679,"A True Widow. A comedy, etc [In five acts and in prose.] (Prologue by Mr. Dryden.)",blbooks,0.653,-1.0,other_by_title,Title review: literature/history/religion/politics; not evidence of no science in body
10,27044,1679,"Comedies and Tragedies ... Never printed before, and now published by the authours originall copies [With a portrait of Fletcher.]",blbooks,0.677,-1.0,other_by_title,Title review: literature/history/religion/politics; not evidence of no science in body
12,25189,1679,"Noah's Flood; or, The Destruction of the World, an opera [in five acts and in verse]",blbooks,0.472,-1.0,other_by_title,Title review: literature/history/religion/politics; not evidence of no science in body
13,34813,1679,"Squire Oldsapp: or, The Night-Adventurers. A comedy [in five acts and in prose]",blbooks,0.609,-1.0,other_by_title,Title review: literature/history/religion/politics; not evidence of no science in body
13,26919,1679,"The Ambitious Statesman, or the Loyal favourite, etc",blbooks,0.486,-1.0,other_by_title,Title review: literature/history/religion/politics; not evidence of no science in body
12,35039,1679,"The Tragedy of Sertorius, etc [In verse.]",blbooks,0.616,-1.0,other_by_title,Title review: literature/history/religion/politics; not evidence of no science in body
12,37324,1679,"Troilus and Cressida, or, Truth found too late. A tragedy as it is acted at the Dukes Theatre. To which is prefix'd, a preface containing the grounds of criticism in tragedy",blbooks,0.637,-1.0,other_by_title,Title review: literature/history/religion/politics; not evidence of no science in body
14,19894,1680,"The Conspiracy, or the Change of Government. A tragedy [in five acts, and in verse]",blbooks,0.578,-1.0,other_by_title,Title review: literature/history/religion/politics; not evidence of no science in body
10,14766,1680,The Female Prelate: being the history of the life and death of Pope Joan. A tragedy [in five acts and in verse],blbooks,0.578,-1.0,other_by_title,Title review: literature/history/religion/politics; not evidence of no science in body
14,45271,1680,"The History of Charles the Eighth of France, or the Invasion of Naples by the French, etc",blbooks,0.455,-1.0,other_by_title,Title review: literature/history/religion/politics; not evidence of no science in body
13,45535,1680,"The Loving Enemies: a comedy [in five acts, in prose and verse]",blbooks,0.642,-1.0,other_by_title,Title review: literature/history/religion/politics; not evidence of no science in body
11,14458,1680,"The Misery of Civil-War. A tragedy, etc",blbooks,0.532,-1.0,other_by_title,Title review: literature/history/religion/politics; not evidence of no science in body
11,24166,1680,"The Muse of Newmarket: or, mirth and drollery. Being three farces ... viz. The Merry Milkmaid of Islington, or, the rambling gallants defeated. Love lost in the Dark, or, the Drunken Couple. The Politick Whore, or, the Conceited Cuckhold [Each in three acts and in prose.]",blbooks,0.465,-1.0,other_by_title,Title review: literature/history/religion/politics; not evidence of no science in body
14,46095,1680,"The Virtuous Wife: or, Good Luck at last. A comedy [in five acts and in prose]",blbooks,0.552,-1.0,other_by_title,Title review: literature/history/religion/politics; not evidence of no science in body
12,26692,1680,"The Woman-Captain: a comedy, etc [in five acts, and in prose, with songs.]",blbooks,0.585,-1.0,other_by_title,Title review: literature/history/religion/politics; not evidence of no science in body
13,37922,1680,"Theodosius: or, the Force of Love, a tragedy [in five acts and in verse] ... With the musick betwixt the acts [by H. Purcell]",blbooks,0.529,-1.0,other_by_title,Title review: literature/history/religion/politics; not evidence of no science in body
12,41586,1681,"Lucius Junius Brutus, Father of his Country. A tragedy [in five acts and in verse]",blbooks,0.649,-1.0,other_by_title,Title review: literature/history/religion/politics; not evidence of no science in body
11,4440,1681,"Rome's Follies; or, the Amorous Fryars, a comedy [in five acts, in prose and verse. The dedication signed N. N.]",blbooks,0.564,-1.0,other_by_title,Title review: literature/history/religion/politics; not evidence of no science in body
10,29767,1681,The second part of The Rover [A comedy.],blbooks,0.529,-1.0,other_by_title,Title review: literature/history/religion/politics; not evidence of no science in body
13,8063,1682,A Satyrick Poem against those mercenary wretches ... the Authors of Heraclitus and Observator [i.e. T. Flatman and Sir R. L'Estrange] ... By Philopatris,blbooks,0.607,-1.0,other_by_title,Title review: literature/history/religion/politics; not evidence of no science in body
11,43644,1682,"The City-Heiress: or, Sir Timothy Treat-all. A comedy",blbooks,0.46,-1.0,other_by_title,Title review: literature/history/religion/politics; not evidence of no science in body
14,16803,1682,The Ingratitude of a Common-Wealth: or the Fall of Caius Martius Coriolanus,blbooks,0.62,-1.0,other_by_title,Title review: literature/history/religion/politics; not evidence of no science in body
12,25642,1682,"The Loyal Brother; or, the Persian Prince. A tragedy [in five acts and in verse. Prologue and epilogue by John Dryden]",blbooks,0.603,-1.0,other_by_title,Title review: literature/history/religion/politics; not evidence of no science in body
14,44556,1682,"The Roundheads; or, the Good Old Cause, a comedy",blbooks,0.565,-1.0,other_by_title,Title review: literature/history/religion/politics; not evidence of no science in body
13,21761,1682,The Royalist. A comedy [in five acts and in prose],blbooks,0.495,-1.0,other_by_title,Title review: literature/history/religion/politics; not evidence of no science in body
13,8049,1683,"City Politiques. A comedy, etc",blbooks,0.52,-1.0,other_by_title,Title review: literature/history/religion/politics; not evidence of no science in body
12,7480,1683,"Eromena: or, The noble stranger. A novel ...",institutional-books,0.98,-1.0,other_by_title,Title review: literature/history/religion/politics; not evidence of no science in body
12,32443,1683,"The Duke of Guise : A tragedy. Acted by their Majesties Servants. Written by Mr. Dryden, and Mr. Lee",blbooks,0.666,-1.0,other_by_title,Title review: literature/history/religion/politics; not evidence of no science in body
10,370,1683,"The vindication: or The parallel of the French Holy-League, and the English League and Covenant, turn'd into a seditious libell against the King and his Royal Highness, by Thomas Hunt and the author of the Reflections upon the pretended parallel in the play called The Duke of Guise. Written by Mr. Dryden",blbooks,0.656,-1.0,other_by_title,Title review: literature/history/religion/politics; not evidence of no science in body
13,24945,1684,"A Joviall Crew: or, the Merry Beggar. Presented in a comedie, etc",blbooks,0.473,-1.0,other_by_title,Title review: literature/history/religion/politics; not evidence of no science in body
14,30698,1684,"Constantine the Great; a tragedy, etc [in five acts and in verse.]",blbooks,0.584,-1.0,other_by_title,Title review: literature/history/religion/politics; not evidence of no science in body
14,7317,1684,"The Cheats. A comedy. Written in the year, M.DC.LXII [By John Wilson.]",blbooks,0.605,-1.0,other_by_title,Title review: literature/history/religion/politics; not evidence of no science in body
12,48099,1685,"A Fond Husband: or, the Plotting Sisters. A comedy [in five acts and in prose]",blbooks,0.687,-1.0,other_by_title,Title review: literature/history/religion/politics; not evidence of no science in body
11,35564,1685,"Aureng-Zebe: a tragedy. Acted at the Royal Theatre, etc",blbooks,0.644,-1.0,other_by_title,Title review: literature/history/religion/politics; not evidence of no science in body
10,38635,1685,"Circe, a tragedy. As it is acted at His Royal Highness the Duke of York's theatre",blbooks,0.639,-1.0,other_by_title,Title review: literature/history/religion/politics; not evidence of no science in body
10,19701,1685,"Cuckolds-Haven: or, an Alderman no Conjurer; a farce [in three acts and in prose]",blbooks,0.617,-1.0,other_by_title,Title review: literature/history/religion/politics; not evidence of no science in body
14,15651,1685,"Mithridates, King of Pontus: a tragedy [in five acts, and in verse]",blbooks,0.55,-1.0,other_by_title,Title review: literature/history/religion/politics; not evidence of no science in body
11,12603,1685,"Sir Courtly Nice: or, It cannot be. A comedy, etc [Based on 'No puede ser' of A. Moreto y Cabaña.]",blbooks,0.579,-1.0,other_by_title,Title review: literature/history/religion/politics; not evidence of no science in body
10,2462,1685,"The Mistaken Beauty, or, the Lyar. A comedy [A translation of P. Corneille's 'Le Menteur.']",blbooks,0.542,-1.0,other_by_title,Title review: literature/history/religion/politics; not evidence of no science in body
13,49199,1685,"The Unhappy Favourite: or, the Earl of Essex. A tragedy [Inverse.] etc",blbooks,0.601,-1.0,other_by_title,Title review: literature/history/religion/politics; not evidence of no science in body
14,19936,1685,Valentinian: a tragedy. As 'tis alter'd by the late Earl of Rochester. ... Together with a preface concerning the author [i.e. Lord Rochester] and his writings. By one of his friends [Robert Wolseley],blbooks,0.609,-1.0,other_by_title,Title review: literature/history/religion/politics; not evidence of no science in body
14,3651,1686,A Commonwealth of Women; a play [in five acts and in prose],blbooks,0.621,-1.0,other_by_title,Title review: literature/history/religion/politics; not evidence of no science in body
14,38171,1686,"Burlesque upon Burlesque: or, the Scoffer Scoft. Being some of Lucian's Dialogues newly put into English Fustian, etc [By C. Cotton ... In verse.]",blbooks,0.645,-1.0,other_by_title,Title review: literature/history/religion/politics; not evidence of no science in body
10,3043,1686,Don Carlos Prince of Spain ... The third edition corrected,blbooks,0.619,-1.0,other_by_title,Title review: literature/history/religion/politics; not evidence of no science in body
